thread,op_idx,op,key,latency_ms,success,message,ts,host
0,0,GET,bench-key-118,52.986,0,OK,1764531288816,HP
0,1,PUT,bench-key-140,60.066,1,W quorum satisfied (3),1764531288876,HP
0,2,PUT,bench-key-677,54.598,1,W quorum satisfied (3),1764531288931,HP
0,3,PUT,bench-key-425,56.488,1,W quorum satisfied (3),1764531288987,HP
0,4,GET,bench-key-734,53.972,0,OK,1764531289041,HP
0,5,GET,bench-key-393,53.727,0,OK,1764531289095,HP
0,6,PUT,bench-key-619,57.729,1,W quorum satisfied (3),1764531289153,HP
0,7,GET,bench-key-923,53.837,0,OK,1764531289206,HP
0,8,GET,bench-key-587,54.857,1,OK,1764531289261,HP
0,9,GET,bench-key-799,55.120,0,OK,1764531289316,HP
0,10,PUT,bench-key-659,57.711,1,W quorum satisfied (3),1764531289374,HP
0,11,PUT,bench-key-863,57.395,1,W quorum satisfied (3),1764531289432,HP
0,12,GET,bench-key-322,53.932,0,OK,1764531289486,HP
0,13,GET,bench-key-830,54.806,1,OK,1764531289540,HP
0,14,PUT,bench-key-663,57.295,1,W quorum satisfied (3),1764531289598,HP
0,15,PUT,bench-key-258,57.391,1,W quorum satisfied (3),1764531289655,HP
0,16,GET,bench-key-433,53.436,0,OK,1764531289709,HP
0,17,GET,bench-key-910,53.569,0,OK,1764531289762,HP
0,18,GET,bench-key-938,54.007,0,OK,1764531289816,HP
0,19,PUT,bench-key-636,57.548,1,W quorum satisfied (3),1764531289874,HP
0,20,PUT,bench-key-842,54.167,1,W quorum satisfied (3),1764531289928,HP
0,21,PUT,bench-key-252,56.394,1,W quorum satisfied (3),1764531289985,HP
0,22,GET,bench-key-897,53.678,0,OK,1764531290038,HP
0,23,GET,bench-key-746,53.922,0,OK,1764531290092,HP
0,24,GET,bench-key-65,54.248,0,OK,1764531290146,HP
0,25,GET,bench-key-125,53.954,0,OK,1764531290200,HP
0,26,GET,bench-key-685,53.917,0,OK,1764531290254,HP
0,27,PUT,bench-key-817,57.881,1,W quorum satisfied (3),1764531290312,HP
0,28,PUT,bench-key-297,56.871,1,W quorum satisfied (3),1764531290369,HP
0,29,PUT,bench-key-574,58.016,1,W quorum satisfied (3),1764531290427,HP
0,30,GET,bench-key-846,53.878,0,OK,1764531290481,HP
0,31,PUT,bench-key-262,58.334,1,W quorum satisfied (3),1764531290540,HP
0,32,PUT,bench-key-725,57.313,1,W quorum satisfied (3),1764531290597,HP
0,33,PUT,bench-key-506,57.391,1,W quorum satisfied (3),1764531290654,HP
0,34,GET,bench-key-158,53.523,0,OK,1764531290708,HP
0,35,PUT,bench-key-279,54.772,1,W quorum satisfied (3),1764531290763,HP
0,36,PUT,bench-key-431,56.019,1,W quorum satisfied (3),1764531290819,HP
0,37,GET,bench-key-998,55.132,0,OK,1764531290874,HP
0,38,PUT,bench-key-787,57.578,1,W quorum satisfied (3),1764531290931,HP
0,39,PUT,bench-key-446,57.306,1,W quorum satisfied (3),1764531290989,HP
0,40,GET,bench-key-153,53.536,0,OK,1764531291042,HP
0,41,GET,bench-key-160,53.803,0,OK,1764531291096,HP
0,42,GET,bench-key-943,54.739,1,OK,1764531291151,HP
0,43,GET,bench-key-496,55.232,0,OK,1764531291206,HP
0,44,GET,bench-key-962,54.141,0,OK,1764531291260,HP
0,45,GET,bench-key-985,54.003,0,OK,1764531291314,HP
0,46,PUT,bench-key-564,57.453,1,W quorum satisfied (3),1764531291372,HP
0,47,PUT,bench-key-251,57.652,1,W quorum satisfied (3),1764531291430,HP
0,48,GET,bench-key-946,53.734,0,OK,1764531291483,HP
0,49,GET,bench-key-790,54.024,0,OK,1764531291537,HP
